Action;Activity_details;Activity_type;DB_File_Num;uniquesod;koddoc;time:timestamp;User_id
Добавление документа;[Передача в производство]; тип [Лимитки ->Списание на производство (фасовочное отделение)]; файл dc000045;; koddoc = 5937537;2012-07-02T0:00:01.000+0300;17
Добавление документа;[Выход из закалки поддона № 64102]; тип [Приход из производст->Выход ГП из закалки]; файл dc000039;; koddoc = 5937540;2012-07-02T6:12:55.000+0300;282
Добавление документа;[Выход из закалки поддона № 64103]; тип [Приход из производст->Выход ГП из закалки]; файл dc000039;; koddoc = 5937541;2012-07-02T6:12:58.000+0300;282
Добавление документа;[Выход из закалки поддона № 64104]; тип [Приход из производст->Выход ГП из закалки]; файл dc000039;; koddoc = 5937542;2012-07-02T6:13:00.000+0300;282
Добавление документа;[Выход из закалки поддона № 64105]; тип [Приход из производст->Выход ГП из закалки]; файл dc000039;; koddoc = 5937543;2012-07-02T6:13:02.000+0300;282
Добавление документа;[Выход из закалки поддона № 64106]; тип [Приход из производст->Выход ГП из закалки]; файл dc000039;; koddoc = 5937544;2012-07-02T6:13:05.000+0300;282
Добавление документа;[Выход из закалки поддона № 64107]; тип [Приход из производст->Выход ГП из закалки]; файл dc000039;; koddoc = 5937545;2012-07-02T6:13:07.000+0300;282
Добавление документа;[Выход из закалки поддона № 64108]; тип [Приход из производст->Выход ГП из закалки]; файл dc000039;; koddoc = 5937546;2012-07-02T6:13:10.000+0300;282
Добавление документа;[Выход из закалки поддона № 64109]; тип [Приход из производст->Выход ГП из закалки]; файл dc000039;; koddoc = 5937547;2012-07-02T6:13:12.000+0300;282
Добавление документа;[Выход из закалки поддона № 64110]; тип [Приход из производст->Выход ГП из закалки]; файл dc000039;; koddoc = 5937548;2012-07-02T6:13:14.000+0300;282
Добавление документа;[Выход из закалки поддона № 64111]; тип [Приход из производст->Выход ГП из закалки]; файл dc000039;; koddoc = 5937549;2012-07-02T6:13:17.000+0300;282
Добавление документа;[Выход из закалки поддона № 64112]; тип [Приход из производст->Выход ГП из закалки]; файл dc000039;; koddoc = 5937550;2012-07-02T6:13:19.000+0300;282
Добавление документа;[Выход из закалки поддона № 64113]; тип [Приход из производст->Выход ГП из закалки]; файл dc000039;; koddoc = 5937551;2012-07-02T6:13:21.000+0300;282
Добавление документа;[Выход из закалки поддона № 64114]; тип [Приход из производст->Выход ГП из закалки]; файл dc000039;; koddoc = 5937552;2012-07-02T6:13:24.000+0300;282
Добавление документа;[Выход из закалки поддона № 64115]; тип [Приход из производст->Выход ГП из закалки]; файл dc000039;; koddoc = 5937553;2012-07-02T6:13:26.000+0300;282
Добавление документа;[Выход из закалки поддона № 64116]; тип [Приход из производст->Выход ГП из закалки]; файл dc000039;; koddoc = 5937554;2012-07-02T6:13:28.000+0300;282
Добавление документа;[Выход из закалки поддона № 64117]; тип [Приход из производст->Выход ГП из закалки]; файл dc000039;; koddoc = 5937555;2012-07-02T6:13:31.000+0300;282
Добавление документа;[Выход из закалки поддона № 64118]; тип [Приход из производст->Выход ГП из закалки]; файл dc000039;; koddoc = 5937556;2012-07-02T6:13:33.000+0300;282
Добавление документа;[Выход из закалки поддона № 64119]; тип [Приход из производст->Выход ГП из закалки]; файл dc000039;; koddoc = 5937557;2012-07-02T6:13:36.000+0300;282
Добавление документа;[Выход из закалки поддона № 64120]; тип [Приход из производст->Выход ГП из закалки]; файл dc000039;; koddoc = 5937558;2012-07-02T6:13:38.000+0300;282
Добавление документа;[Выход из закалки поддона № 64121]; тип [Приход из производст->Выход ГП из закалки]; файл dc000039;; koddoc = 5937559;2012-07-02T6:13:40.000+0300;282
Добавление документа;[Выход из закалки поддона № 64122]; тип [Приход из производст->Выход ГП из закалки]; файл dc000039;; koddoc = 5937560;2012-07-02T6:13:43.000+0300;282
Добавление документа;[Выход из закалки поддона № 64101]; тип [Приход из производст->Выход ГП из закалки]; файл dc000039;; koddoc = 5937539;2012-07-02T6:13:46.000+0300;282
Добавление документа;[Выход из закалки поддона № 64124]; тип [Приход из производст->Выход ГП из закалки]; файл dc000039;; koddoc = 5937562;2012-07-02T6:15:20.000+0300;282
Добавление документа;[Выход из закалки поддона № 64125]; тип [Приход из производст->Выход ГП из закалки]; файл dc000039;; koddoc = 5937563;2012-07-02T6:15:23.000+0300;282
Добавление документа;[Выход из закалки поддона № 64123]; тип [Приход из производст->Выход ГП из закалки]; файл dc000039;; koddoc = 5937561;2012-07-02T6:15:26.000+0300;282
Добавление документа;[Выход из закалки поддона № 64127]; тип [Приход из производст->Выход ГП из закалки]; файл dc000039;; koddoc = 5937565;2012-07-02T6:16:50.000+0300;282
Добавление документа;[Выход из закалки поддона № 64128]; тип [Приход из производст->Выход ГП из закалки]; файл dc000039;; koddoc = 5937566;2012-07-02T6:16:52.000+0300;282
Добавление документа;[Выход из закалки поддона № 64129]; тип [Приход из производст->Выход ГП из закалки]; файл dc000039;; koddoc = 5937567;2012-07-02T6:16:55.000+0300;282
Добавление документа;[Выход из закалки поддона № 64130]; тип [Приход из производст->Выход ГП из закалки]; файл dc000039;; koddoc = 5937568;2012-07-02T6:16:57.000+0300;282
Добавление документа;[Выход из закалки поддона № 64131]; тип [Приход из производст->Выход ГП из закалки]; файл dc000039;; koddoc = 5937569;2012-07-02T6:16:59.000+0300;282
Добавление документа;[Выход из закалки поддона № 64132]; тип [Приход из производст->Выход ГП из закалки]; файл dc000039;; koddoc = 5937570;2012-07-02T6:17:02.000+0300;282
Добавление документа;[Выход из закалки поддона № 64133]; тип [Приход из производст->Выход ГП из закалки]; файл dc000039;; koddoc = 5937571;2012-07-02T6:17:04.000+0300;282
Добавление документа;[Выход из закалки поддона № 64134]; тип [Приход из производст->Выход ГП из закалки]; файл dc000039;; koddoc = 5937572;2012-07-02T6:17:06.000+0300;282
Добавление документа;[Выход из закалки поддона № 64135]; тип [Приход из производст->Выход ГП из закалки]; файл dc000039;; koddoc = 5937573;2012-07-02T6:17:09.000+0300;282
Добавление документа;[Выход из закалки поддона № 64136]; тип [Приход из производст->Выход ГП из закалки]; файл dc000039;; koddoc = 5937574;2012-07-02T6:17:11.000+0300;282
Добавление документа;[Выход из закалки поддона № 64126]; тип [Приход из производст->Выход ГП из закалки]; файл dc000039;; koddoc = 5937564;2012-07-02T6:17:15.000+0300;282
Добавление документа;[Выход из закалки поддона № 64138]; тип [Приход из производст->Выход ГП из закалки]; файл dc000039;; koddoc = 5937576;2012-07-02T6:18:12.000+0300;282
Добавление документа;[Выход из закалки поддона № 64139]; тип [Приход из производст->Выход ГП из закалки]; файл dc000039;; koddoc = 5937577;2012-07-02T6:18:14.000+0300;282
Добавление документа;[Выход из закалки поддона № 64140]; тип [Приход из производст->Выход ГП из закалки]; файл dc000039;; koddoc = 5937578;2012-07-02T6:18:16.000+0300;282
Добавление документа;[Выход из закалки поддона № 64141]; тип [Приход из производст->Выход ГП из закалки]; файл dc000039;; koddoc = 5937579;2012-07-02T6:18:19.000+0300;282
Добавление документа;[Выход из закалки поддона № 64142]; тип [Приход из производст->Выход ГП из закалки]; файл dc000039;; koddoc = 5937580;2012-07-02T6:18:21.000+0300;282
Добавление документа;[Выход из закалки поддона № 64143]; тип [Приход из производст->Выход ГП из закалки]; файл dc000039;; koddoc = 5937581;2012-07-02T6:18:24.000+0300;282
Добавление документа;[Выход из закалки поддона № 64144]; тип [Приход из производст->Выход ГП из закалки]; файл dc000039;; koddoc = 5937582;2012-07-02T6:18:26.000+0300;282
Добавление документа;[Выход из закалки поддона № 64145]; тип [Приход из производст->Выход ГП из закалки]; файл dc000039;; koddoc = 5937583;2012-07-02T6:18:28.000+0300;282
Добавление документа;[Выход из закалки поддона № 64146]; тип [Приход из производст->Выход ГП из закалки]; файл dc000039;; koddoc = 5937584;2012-07-02T6:18:31.000+0300;282
Добавление документа;[Выход из закалки поддона № 64147]; тип [Приход из производст->Выход ГП из закалки]; файл dc000039;; koddoc = 5937585;2012-07-02T6:18:33.000+0300;282
Добавление документа;[Выход из закалки поддона № 64148]; тип [Приход из производст->Выход ГП из закалки]; файл dc000039;; koddoc = 5937586;2012-07-02T6:18:35.000+0300;282
Добавление документа;[Выход из закалки поддона № 64149]; тип [Приход из производст->Выход ГП из закалки]; файл dc000039;; koddoc = 5937587;2012-07-02T6:18:38.000+0300;282
Добавление документа;[Выход из закалки поддона № 64150]; тип [Приход из производст->Выход ГП из закалки]; файл dc000039;; koddoc = 5937588;2012-07-02T6:18:40.000+0300;282
Добавление документа;[Выход из закалки поддона № 64151]; тип [Приход из производст->Выход ГП из закалки]; файл dc000039;; koddoc = 5937589;2012-07-02T6:18:43.000+0300;282
Добавление документа;[Выход из закалки поддона № 64152]; тип [Приход из производст->Выход ГП из закалки]; файл dc000039;; koddoc = 5937590;2012-07-02T6:18:45.000+0300;282
Добавление документа;[Выход из закалки поддона № 64153]; тип [Приход из производст->Выход ГП из закалки]; файл dc000039;; koddoc = 5937591;2012-07-02T6:18:47.000+0300;282
Добавление документа;[Выход из закалки поддона № 64137]; тип [Приход из производст->Выход ГП из закалки]; файл dc000039;; koddoc = 5937575;2012-07-02T6:18:51.000+0300;282
Добавление документа;[Выход из закалки поддона № 64155]; тип [Приход из производст->Выход ГП из закалки]; файл dc000039;; koddoc = 5937593;2012-07-02T6:20:24.000+0300;282
Добавление документа;[Выход из закалки поддона № 64156]; тип [Приход из производст->Выход ГП из закалки]; файл dc000039;; koddoc = 5937594;2012-07-02T6:20:27.000+0300;282
Добавление документа;[Выход из закалки поддона № 64157]; тип [Приход из производст->Выход ГП из закалки]; файл dc000039;; koddoc = 5937595;2012-07-02T6:20:29.000+0300;282
Добавление документа;[Выход из закалки поддона № 64158]; тип [Приход из производст->Выход ГП из закалки]; файл dc000039;; koddoc = 5937596;2012-07-02T6:20:31.000+0300;282
Добавление документа;[Выход из закалки поддона № 64159]; тип [Приход из производст->Выход ГП из закалки]; файл dc000039;; koddoc = 5937597;2012-07-02T6:20:34.000+0300;282
Добавление документа;[Выход из закалки поддона № 64160]; тип [Приход из производст->Выход ГП из закалки]; файл dc000039;; koddoc = 5937598;2012-07-02T6:20:36.000+0300;282
Добавление документа;[Выход из закалки поддона № 64161]; тип [Приход из производст->Выход ГП из закалки]; файл dc000039;; koddoc = 5937599;2012-07-02T6:20:38.000+0300;282
Добавление документа;[Выход из закалки поддона № 64162]; тип [Приход из производст->Выход ГП из закалки]; файл dc000039;; koddoc = 5937600;2012-07-02T6:20:41.000+0300;282
Добавление документа;[Выход из закалки поддона № 64163]; тип [Приход из производст->Выход ГП из закалки]; файл dc000039;; koddoc = 5937601;2012-07-02T6:20:43.000+0300;282
Добавление документа;[Выход из закалки поддона № 64164]; тип [Приход из производст->Выход ГП из закалки]; файл dc000039;; koddoc = 5937602;2012-07-02T6:20:46.000+0300;282
Добавление документа;[Выход из закалки поддона № 64165]; тип [Приход из производст->Выход ГП из закалки]; файл dc000039;; koddoc = 5937603;2012-07-02T6:20:48.000+0300;282
Добавление документа;[Выход из закалки поддона № 64166]; тип [Приход из производст->Выход ГП из закалки]; файл dc000039;; koddoc = 5937604;2012-07-02T6:20:50.000+0300;282
Добавление документа;[Выход из закалки поддона № 64167]; тип [Приход из производст->Выход ГП из закалки]; файл dc000039;; koddoc = 5937605;2012-07-02T6:20:53.000+0300;282
Добавление документа;[Выход из закалки поддона № 64168]; тип [Приход из производст->Выход ГП из закалки]; файл dc000039;; koddoc = 5937606;2012-07-02T6:20:55.000+0300;282
Добавление документа;[Выход из закалки поддона № 64169]; тип [Приход из производст->Выход ГП из закалки]; файл dc000039;; koddoc = 5937607;2012-07-02T6:20:57.000+0300;282
Добавление документа;[Выход из закалки поддона № 64170]; тип [Приход из производст->Выход ГП из закалки]; файл dc000039;; koddoc = 5937608;2012-07-02T6:21:00.000+0300;282
Добавление документа;[Выход из закалки поддона № 64171]; тип [Приход из производст->Выход ГП из закалки]; файл dc000039;; koddoc = 5937609;2012-07-02T6:21:02.000+0300;282
Добавление документа;[Выход из закалки поддона № 64172]; тип [Приход из производст->Выход ГП из закалки]; файл dc000039;; koddoc = 5937610;2012-07-02T6:21:05.000+0300;282
Добавление документа;[Выход из закалки поддона № 64173]; тип [Приход из производст->Выход ГП из закалки]; файл dc000039;; koddoc = 5937611;2012-07-02T6:21:07.000+0300;282
Добавление документа;[Выход из закалки поддона № 64174]; тип [Приход из производст->Выход ГП из закалки]; файл dc000039;; koddoc = 5937612;2012-07-02T6:21:09.000+0300;282
Добавление документа;[Выход из закалки поддона № 64175]; тип [Приход из производст->Выход ГП из закалки]; файл dc000039;; koddoc = 5937613;2012-07-02T6:21:12.000+0300;282
Добавление документа;[Выход из закалки поддона № 64176]; тип [Приход из производст->Выход ГП из закалки]; файл dc000039;; koddoc = 5937614;2012-07-02T6:21:14.000+0300;282
Добавление документа;[Выход из закалки поддона № 64154]; тип [Приход из производст->Выход ГП из закалки]; файл dc000039;; koddoc = 5937592;2012-07-02T6:21:17.000+0300;282
Добавление документа;[Выход из закалки поддона № 64178]; тип [Приход из производст->Выход ГП из закалки]; файл dc000039;; koddoc = 5937616;2012-07-02T6:22:42.000+0300;282
Добавление документа;[Выход из закалки поддона № 64179]; тип [Приход из производст->Выход ГП из закалки]; файл dc000039;; koddoc = 5937617;2012-07-02T6:22:44.000+0300;282
Добавление документа;[Выход из закалки поддона № 64180]; тип [Приход из производст->Выход ГП из закалки]; файл dc000039;; koddoc = 5937618;2012-07-02T6:22:46.000+0300;282
Добавление документа;[Выход из закалки поддона № 64181]; тип [Приход из производст->Выход ГП из закалки]; файл dc000039;; koddoc = 5937619;2012-07-02T6:22:49.000+0300;282
Добавление документа;[Выход из закалки поддона № 64182]; тип [Приход из производст->Выход ГП из закалки]; файл dc000039;; koddoc = 5937620;2012-07-02T6:22:51.000+0300;282
Добавление документа;[Выход из закалки поддона № 64183]; тип [Приход из производст->Выход ГП из закалки]; файл dc000039;; koddoc = 5937621;2012-07-02T6:22:54.000+0300;282
Добавление документа;[Выход из закалки поддона № 64184]; тип [Приход из производст->Выход ГП из закалки]; файл dc000039;; koddoc = 5937622;2012-07-02T6:22:56.000+0300;282
Добавление документа;[Выход из закалки поддона № 64185]; тип [Приход из производст->Выход ГП из закалки]; файл dc000039;; koddoc = 5937623;2012-07-02T6:22:58.000+0300;282
Добавление документа;[Выход из закалки поддона № 64186]; тип [Приход из производст->Выход ГП из закалки]; файл dc000039;; koddoc = 5937624;2012-07-02T6:23:01.000+0300;282
Добавление документа;[Выход из закалки поддона № 64187]; тип [Приход из производст->Выход ГП из закалки]; файл dc000039;; koddoc = 5937625;2012-07-02T6:23:03.000+0300;282
Добавление документа;[Выход из закалки поддона № 64188]; тип [Приход из производст->Выход ГП из закалки]; файл dc000039;; koddoc = 5937626;2012-07-02T6:23:05.000+0300;282
Добавление документа;[Выход из закалки поддона № 64189]; тип [Приход из производст->Выход ГП из закалки]; файл dc000039;; koddoc = 5937627;2012-07-02T6:23:08.000+0300;282
Добавление документа;[Выход из закалки поддона № 64190]; тип [Приход из производст->Выход ГП из закалки]; файл dc000039;; koddoc = 5937628;2012-07-02T6:23:10.000+0300;282
Добавление документа;[Выход из закалки поддона № 64191]; тип [Приход из производст->Выход ГП из закалки]; файл dc000039;; koddoc = 5937629;2012-07-02T6:23:13.000+0300;282
Добавление документа;[Выход из закалки поддона № 64192]; тип [Приход из производст->Выход ГП из закалки]; файл dc000039;; koddoc = 5937630;2012-07-02T6:23:15.000+0300;282
Добавление документа;[Выход из закалки поддона № 64193]; тип [Приход из производст->Выход ГП из закалки]; файл dc000039;; koddoc = 5937631;2012-07-02T6:23:17.000+0300;282
Добавление документа;[Выход из закалки поддона № 64194]; тип [Приход из производст->Выход ГП из закалки]; файл dc000039;; koddoc = 5937632;2012-07-02T6:23:20.000+0300;282
Добавление документа;[Выход из закалки поддона № 64195]; тип [Приход из производст->Выход ГП из закалки]; файл dc000039;; koddoc = 5937633;2012-07-02T6:23:22.000+0300;282
Добавление документа;[Выход из закалки поддона № 64196]; тип [Приход из производст->Выход ГП из закалки]; файл dc000039;; koddoc = 5937634;2012-07-02T6:23:24.000+0300;282
Добавление документа;[Выход из закалки поддона № 64197]; тип [Приход из производст->Выход ГП из закалки]; файл dc000039;; koddoc = 5937635;2012-07-02T6:23:27.000+0300;282
Добавление документа;[Выход из закалки поддона № 64198]; тип [Приход из производст->Выход ГП из закалки]; файл dc000039;; koddoc = 5937636;2012-07-02T6:23:29.000+0300;282
Добавление документа;[Выход из закалки поддона № 64199]; тип [Приход из производст->Выход ГП из закалки]; файл dc000039;; koddoc = 5937637;2012-07-02T6:23:32.000+0300;282
Добавление документа;[Выход из закалки поддона № 64200]; тип [Приход из производст->Выход ГП из закалки]; файл dc000039;; koddoc = 5937638;2012-07-02T6:23:34.000+0300;282
Добавление документа;[Выход из закалки поддона № 64177]; тип [Приход из производст->Выход ГП из закалки]; файл dc000039;; koddoc = 5937615;2012-07-02T6:23:37.000+0300;282
Добавление документа;[Выход из закалки поддона № 64202]; тип [Приход из производст->Выход ГП из закалки]; файл dc000039;; koddoc = 5937640;2012-07-02T6:26:45.000+0300;282
Добавление документа;[Выход из закалки поддона № 64203]; тип [Приход из производст->Выход ГП из закалки]; файл dc000039;; koddoc = 5937641;2012-07-02T6:26:48.000+0300;282
Добавление документа;[Выход из закалки поддона № 64204]; тип [Приход из производст->Выход ГП из закалки]; файл dc000039;; koddoc = 5937642;2012-07-02T6:26:50.000+0300;282
Добавление документа;[Выход из закалки поддона № 64205]; тип [Приход из производст->Выход ГП из закалки]; файл dc000039;; koddoc = 5937643;2012-07-02T6:26:52.000+0300;282
Добавление документа;[Выход из закалки поддона № 64206]; тип [Приход из производст->Выход ГП из закалки]; файл dc000039;; koddoc = 5937644;2012-07-02T6:26:55.000+0300;282
Добавление документа;[Выход из закалки поддона № 64207]; тип [Приход из производст->Выход ГП из закалки]; файл dc000039;; koddoc = 5937645;2012-07-02T6:26:57.000+0300;282
Добавление документа;[Выход из закалки поддона № 64208]; тип [Приход из производст->Выход ГП из закалки]; файл dc000039;; koddoc = 5937646;2012-07-02T6:26:59.000+0300;282
Добавление документа;[Выход из закалки поддона № 64209]; тип [Приход из производст->Выход ГП из закалки]; файл dc000039;; koddoc = 5937647;2012-07-02T6:27:02.000+0300;282
Добавление документа;[Выход из закалки поддона № 64210]; тип [Приход из производст->Выход ГП из закалки]; файл dc000039;; koddoc = 5937648;2012-07-02T6:27:04.000+0300;282
Добавление документа;[Выход из закалки поддона № 64211]; тип [Приход из производст->Выход ГП из закалки]; файл dc000039;; koddoc = 5937649;2012-07-02T6:27:07.000+0300;282
Добавление документа;[Выход из закалки поддона № 64212]; тип [Приход из производст->Выход ГП из закалки]; файл dc000039;; koddoc = 5937650;2012-07-02T6:27:09.000+0300;282
Добавление документа;[Выход из закалки поддона № 64213]; тип [Приход из производст->Выход ГП из закалки]; файл dc000039;; koddoc = 5937651;2012-07-02T6:27:11.000+0300;282
Добавление документа;[Выход из закалки поддона № 64214]; тип [Приход из производст->Выход ГП из закалки]; файл dc000039;; koddoc = 5937652;2012-07-02T6:27:14.000+0300;282
Добавление документа;[Выход из закалки поддона № 64215]; тип [Приход из производст->Выход ГП из закалки]; файл dc000039;; koddoc = 5937653;2012-07-02T6:27:16.000+0300;282
Добавление документа;[Выход из закалки поддона № 64216]; тип [Приход из производст->Выход ГП из закалки]; файл dc000039;; koddoc = 5937654;2012-07-02T6:27:18.000+0300;282
Добавление документа;[Выход из закалки поддона № 64217]; тип [Приход из производст->Выход ГП из закалки]; файл dc000039;; koddoc = 5937655;2012-07-02T6:27:21.000+0300;282
Добавление документа;[Выход из закалки поддона № 64218]; тип [Приход из производст->Выход ГП из закалки]; файл dc000039;; koddoc = 5937656;2012-07-02T6:27:23.000+0300;282
Добавление документа;[Выход из закалки поддона № 64219]; тип [Приход из производст->Выход ГП из закалки]; файл dc000039;; koddoc = 5937657;2012-07-02T6:27:26.000+0300;282
Добавление документа;[Выход из закалки поддона № 64220]; тип [Приход из производст->Выход ГП из закалки]; файл dc000039;; koddoc = 5937658;2012-07-02T6:27:28.000+0300;282
Добавление документа;[Выход из закалки поддона № 64201]; тип [Приход из производст->Выход ГП из закалки]; файл dc000039;; koddoc = 5937639;2012-07-02T6:27:31.000+0300;282
Добавление документа;[Выход из закалки поддона № 64222]; тип [Приход из производст->Выход ГП из закалки]; файл dc000039;; koddoc = 5937660;2012-07-02T6:28:45.000+0300;282
Добавление документа;[Выход из закалки поддона № 64223]; тип [Приход из производст->Выход ГП из закалки]; файл dc000039;; koddoc = 5937661;2012-07-02T6:28:47.000+0300;282
Добавление документа;[Выход из закалки поддона № 64224]; тип [Приход из производст->Выход ГП из закалки]; файл dc000039;; koddoc = 5937662;2012-07-02T6:28:50.000+0300;282
Добавление документа;[Выход из закалки поддона № 64225]; тип [Приход из производст->Выход ГП из закалки]; файл dc000039;; koddoc = 5937663;2012-07-02T6:28:52.000+0300;282
Добавление документа;[Выход из закалки поддона № 64226]; тип [Приход из производст->Выход ГП из закалки]; файл dc000039;; koddoc = 5937664;2012-07-02T6:28:54.000+0300;282
Добавление документа;[Выход из закалки поддона № 64227]; тип [Приход из производст->Выход ГП из закалки]; файл dc000039;; koddoc = 5937665;2012-07-02T6:28:57.000+0300;282
Добавление документа;[Выход из закалки поддона № 64228]; тип [Приход из производст->Выход ГП из закалки]; файл dc000039;; koddoc = 5937666;2012-07-02T6:28:59.000+0300;282
Добавление документа;[Выход из закалки поддона № 64229]; тип [Приход из производст->Выход ГП из закалки]; файл dc000039;; koddoc = 5937667;2012-07-02T6:29:01.000+0300;282
Добавление документа;[Выход из закалки поддона № 64230]; тип [Приход из производст->Выход ГП из закалки]; файл dc000039;; koddoc = 5937668;2012-07-02T6:29:04.000+0300;282
Добавление документа;[Выход из закалки поддона № 64231]; тип [Приход из производст->Выход ГП из закалки]; файл dc000039;; koddoc = 5937669;2012-07-02T6:29:06.000+0300;282
Добавление документа;[Выход из закалки поддона № 64232]; тип [Приход из производст->Выход ГП из закалки]; файл dc000039;; koddoc = 5937670;2012-07-02T6:29:09.000+0300;282
Добавление документа;[Выход из закалки поддона № 64233]; тип [Приход из производст->Выход ГП из закалки]; файл dc000039;; koddoc = 5937671;2012-07-02T6:29:11.000+0300;282
Добавление документа;[Выход из закалки поддона № 64234]; тип [Приход из производст->Выход ГП из закалки]; файл dc000039;; koddoc = 5937672;2012-07-02T6:29:13.000+0300;282
Добавление документа;[Выход из закалки поддона № 64235]; тип [Приход из производст->Выход ГП из закалки]; файл dc000039;; koddoc = 5937673;2012-07-02T6:29:16.000+0300;282
Добавление документа;[Выход из закалки поддона № 64236]; тип [Приход из производст->Выход ГП из закалки]; файл dc000039;; koddoc = 5937674;2012-07-02T6:29:18.000+0300;282
Добавление документа;[Выход из закалки поддона № 64237]; тип [Приход из производст->Выход ГП из закалки]; файл dc000039;; koddoc = 5937675;2012-07-02T6:29:20.000+0300;282
Добавление документа;[Выход из закалки поддона № 64238]; тип [Приход из производст->Выход ГП из закалки]; файл dc000039;; koddoc = 5937676;2012-07-02T6:29:23.000+0300;282
Добавление документа;[Выход из закалки поддона № 64239]; тип [Приход из производст->Выход ГП из закалки]; файл dc000039;; koddoc = 5937677;2012-07-02T6:29:25.000+0300;282
Добавление документа;[Выход из закалки поддона № 64240]; тип [Приход из производст->Выход ГП из закалки]; файл dc000039;; koddoc = 5937678;2012-07-02T6:29:28.000+0300;282
Добавление документа;[Выход из закалки поддона № 64241]; тип [Приход из производст->Выход ГП из закалки]; файл dc000039;; koddoc = 5937679;2012-07-02T6:29:30.000+0300;282
Добавление документа;[Выход из закалки поддона № 64242]; тип [Приход из производст->Выход ГП из закалки]; файл dc000039;; koddoc = 5937680;2012-07-02T6:29:33.000+0300;282
Добавление документа;[Выход из закалки поддона № 64243]; тип [Приход из производст->Выход ГП из закалки]; файл dc000039;; koddoc = 5937681;2012-07-02T6:29:35.000+0300;282
Добавление документа;[Выход из закалки поддона № 64244]; тип [Приход из производст->Выход ГП из закалки]; файл dc000039;; koddoc = 5937682;2012-07-02T6:29:37.000+0300;282
Добавление документа;[Выход из закалки поддона № 64245]; тип [Приход из производст->Выход ГП из закалки]; файл dc000039;; koddoc = 5937683;2012-07-02T6:29:40.000+0300;282
Добавление документа;[Выход из закалки поддона № 64246]; тип [Приход из производст->Выход ГП из закалки]; файл dc000039;; koddoc = 5937684;2012-07-02T6:29:42.000+0300;282
Добавление документа;[Выход из закалки поддона № 64247]; тип [Приход из производст->Выход ГП из закалки]; файл dc000039;; koddoc = 5937685;2012-07-02T6:29:45.000+0300;282
Добавление документа;[Выход из закалки поддона № 64248]; тип [Приход из производст->Выход ГП из закалки]; файл dc000039;; koddoc = 5937686;2012-07-02T6:29:47.000+0300;282
Добавление документа;[Выход из закалки поддона № 64249]; тип [Приход из производст->Выход ГП из закалки]; файл dc000039;; koddoc = 5937687;2012-07-02T6:29:49.000+0300;282
Добавление документа;[Выход из закалки поддона № 64250]; тип [Приход из производст->Выход ГП из закалки]; файл dc000039;; koddoc = 5937688;2012-07-02T6:29:52.000+0300;282
Добавление документа;[Выход из закалки поддона № 64221]; тип [Приход из производст->Выход ГП из закалки]; файл dc000039;; koddoc = 5937659;2012-07-02T6:29:55.000+0300;282
Добавление документа;[Выход из закалки поддона № 64252]; тип [Приход из производст->Выход ГП из закалки]; файл dc000039;; koddoc = 5937690;2012-07-02T6:31:44.000+0300;282
Добавление документа;[Выход из закалки поддона № 64253]; тип [Приход из производст->Выход ГП из закалки]; файл dc000039;; koddoc = 5937691;2012-07-02T6:31:47.000+0300;282
Добавление документа;[Выход из закалки поддона № 64254]; тип [Приход из производст->Выход ГП из закалки]; файл dc000039;; koddoc = 5937692;2012-07-02T6:31:49.000+0300;282
Добавление документа;[Выход из закалки поддона № 64255]; тип [Приход из производст->Выход ГП из закалки]; файл dc000039;; koddoc = 5937693;2012-07-02T6:31:52.000+0300;282
Добавление документа;[Выход из закалки поддона № 64256]; тип [Приход из производст->Выход ГП из закалки]; файл dc000039;; koddoc = 5937694;2012-07-02T6:31:54.000+0300;282
Добавление документа;[Выход из закалки поддона № 64257]; тип [Приход из производст->Выход ГП из закалки]; файл dc000039;; koddoc = 5937695;2012-07-02T6:31:56.000+0300;282
Добавление документа;[Выход из закалки поддона № 64258]; тип [Приход из производст->Выход ГП из закалки]; файл dc000039;; koddoc = 5937696;2012-07-02T6:31:59.000+0300;282
Добавление документа;[Выход из закалки поддона № 64259]; тип [Приход из производст->Выход ГП из закалки]; файл dc000039;; koddoc = 5937697;2012-07-02T6:32:01.000+0300;282
Добавление документа;[Выход из закалки поддона № 64260]; тип [Приход из производст->Выход ГП из закалки]; файл dc000039;; koddoc = 5937698;2012-07-02T6:32:03.000+0300;282
Добавление документа;[Выход из закалки поддона № 64261]; тип [Приход из производст->Выход ГП из закалки]; файл dc000039;; koddoc = 5937699;2012-07-02T6:32:06.000+0300;282
Добавление документа;[Выход из закалки поддона № 64262]; тип [Приход из производст->Выход ГП из закалки]; файл dc000039;; koddoc = 5937700;2012-07-02T6:32:08.000+0300;282
Добавление документа;[Выход из закалки поддона № 64263]; тип [Приход из производст->Выход ГП из закалки]; файл dc000039;; koddoc = 5937701;2012-07-02T6:32:11.000+0300;282
Добавление документа;[Выход из закалки поддона № 64264]; тип [Приход из производст->Выход ГП из закалки]; файл dc000039;; koddoc = 5937702;2012-07-02T6:32:13.000+0300;282
Добавление документа;[Выход из закалки поддона № 64265]; тип [Приход из производст->Выход ГП из закалки]; файл dc000039;; koddoc = 5937703;2012-07-02T6:32:15.000+0300;282
Добавление документа;[Выход из закалки поддона № 64266]; тип [Приход из производст->Выход ГП из закалки]; файл dc000039;; koddoc = 5937704;2012-07-02T6:32:18.000+0300;282
Добавление документа;[Выход из закалки поддона № 64267]; тип [Приход из производст->Выход ГП из закалки]; файл dc000039;; koddoc = 5937705;2012-07-02T6:32:20.000+0300;282
Добавление документа;[Выход из закалки поддона № 64268]; тип [Приход из производст->Выход ГП из закалки]; файл dc000039;; koddoc = 5937706;2012-07-02T6:32:22.000+0300;282
Добавление документа;[Выход из закалки поддона № 64269]; тип [Приход из производст->Выход ГП из закалки]; файл dc000039;; koddoc = 5937707;2012-07-02T6:32:25.000+0300;282
Добавление документа;[Выход из закалки поддона № 64270]; тип [Приход из производст->Выход ГП из закалки]; файл dc000039;; koddoc = 5937708;2012-07-02T6:32:27.000+0300;282
Добавление документа;[Выход из закалки поддона № 64271]; тип [Приход из производст->Выход ГП из закалки]; файл dc000039;; koddoc = 5937709;2012-07-02T6:32:30.000+0300;282
Добавление документа;[Выход из закалки поддона № 64272]; тип [Приход из производст->Выход ГП из закалки]; файл dc000039;; koddoc = 5937710;2012-07-02T6:32:32.000+0300;282
Добавление документа;[Выход из закалки поддона № 64251]; тип [Приход из производст->Выход ГП из закалки]; файл dc000039;; koddoc = 5937689;2012-07-02T6:32:35.000+0300;282
Добавление документа;[Рабочая рецептура № 534]; тип [Производство полуфаб->Рабочая рецептура на смесь]; файл dc000052;; koddoc = 5937711;2012-07-02T6:33:15.000+0300;276
Добавление документа;[Выход из закалки поддона № 64274]; тип [Приход из производст->Выход ГП из закалки]; файл dc000039;; koddoc = 5937713;2012-07-02T6:35:12.000+0300;282
Добавление документа;[Выход из закалки поддона № 64275]; тип [Приход из производст->Выход ГП из закалки]; файл dc000039;; koddoc = 5937714;2012-07-02T6:35:15.000+0300;282
Добавление документа;[Выход из закалки поддона № 64276]; тип [Приход из производст->Выход ГП из закалки]; файл dc000039;; koddoc = 5937715;2012-07-02T6:35:17.000+0300;282
Добавление документа;[Выход из закалки поддона № 64277]; тип [Приход из производст->Выход ГП из закалки]; файл dc000039;; koddoc = 5937716;2012-07-02T6:35:20.000+0300;282
Добавление документа;[Выход из закалки поддона № 64278]; тип [Приход из производст->Выход ГП из закалки]; файл dc000039;; koddoc = 5937717;2012-07-02T6:35:22.000+0300;282
Добавление документа;[Выход из закалки поддона № 64279]; тип [Приход из производст->Выход ГП из закалки]; файл dc000039;; koddoc = 5937718;2012-07-02T6:35:24.000+0300;282
Добавление документа;[Выход из закалки поддона № 64280]; тип [Приход из производст->Выход ГП из закалки]; файл dc000039;; koddoc = 5937719;2012-07-02T6:35:27.000+0300;282
Добавление документа;[Выход из закалки поддона № 64281]; тип [Приход из производст->Выход ГП из закалки]; файл dc000039;; koddoc = 5937720;2012-07-02T6:35:29.000+0300;282
Добавление документа;[Выход из закалки поддона № 64282]; тип [Приход из производст->Выход ГП из закалки]; файл dc000039;; koddoc = 5937721;2012-07-02T6:35:32.000+0300;282
Добавление документа;[Выход из закалки поддона № 64283]; тип [Приход из производст->Выход ГП из закалки]; файл dc000039;; koddoc = 5937722;2012-07-02T6:35:35.000+0300;282
Добавление документа;[Выход из закалки поддона № 64273]; тип [Приход из производст->Выход ГП из закалки]; файл dc000039;; koddoc = 5937712;2012-07-02T6:35:38.000+0300;282
Добавление документа;[Выход из закалки поддона № 64285]; тип [Приход из производст->Выход ГП из закалки]; файл dc000039;; koddoc = 5937724;2012-07-02T6:36:23.000+0300;282
Добавление документа;[Выход из закалки поддона № 64286]; тип [Приход из производст->Выход ГП из закалки]; файл dc000039;; koddoc = 5937725;2012-07-02T6:36:26.000+0300;282
Добавление документа;[Выход из закалки поддона № 64284]; тип [Приход из производст->Выход ГП из закалки]; файл dc000039;; koddoc = 5937723;2012-07-02T6:36:29.000+0300;282
Добавление документа;[Выход из закалки поддона № 64288]; тип [Приход из производст->Выход ГП из закалки]; файл dc000039;; koddoc = 5937727;2012-07-02T6:37:00.000+0300;282
Добавление документа;[Выход из закалки поддона № 64289]; тип [Приход из производст->Выход ГП из закалки]; файл dc000039;; koddoc = 5937728;2012-07-02T6:37:03.000+0300;282
Добавление документа;[Выход из закалки поддона № 64290]; тип [Приход из производст->Выход ГП из закалки]; файл dc000039;; koddoc = 5937729;2012-07-02T6:37:05.000+0300;282
Добавление документа;[Выход из закалки поддона № 64291]; тип [Приход из производст->Выход ГП из закалки]; файл dc000039;; koddoc = 5937730;2012-07-02T6:37:08.000+0300;282
Добавление документа;[Выход из закалки поддона № 64292]; тип [Приход из производст->Выход ГП из закалки]; файл dc000039;; koddoc = 5937731;2012-07-02T6:37:10.000+0300;282
Добавление документа;[Выход из закалки поддона № 64293]; тип [Приход из производст->Выход ГП из закалки]; файл dc000039;; koddoc = 5937732;2012-07-02T6:37:12.000+0300;282
Добавление документа;[Выход из закалки поддона № 64294]; тип [Приход из производст->Выход ГП из закалки]; файл dc000039;; koddoc = 5937733;2012-07-02T6:37:15.000+0300;282
Добавление документа;[Выход из закалки поддона № 64295]; тип [Приход из производст->Выход ГП из закалки]; файл dc000039;; koddoc = 5937734;2012-07-02T6:37:17.000+0300;282
Добавление документа;[Выход из закалки поддона № 64296]; тип [Приход из производст->Выход ГП из закалки]; файл dc000039;; koddoc = 5937735;2012-07-02T6:37:19.000+0300;282
Добавление документа;[Выход из закалки поддона № 64297]; тип [Приход из производст->Выход ГП из закалки]; файл dc000039;; koddoc = 5937736;2012-07-02T6:37:22.000+0300;282
Добавление документа;[Выход из закалки поддона № 64298]; тип [Приход из производст->Выход ГП из закалки]; файл dc000039;; koddoc = 5937737;2012-07-02T6:37:24.000+0300;282
Добавление документа;[Выход из закалки поддона № 64287]; тип [Приход из производст->Выход ГП из закалки]; файл dc000039;; koddoc = 5937726;2012-07-02T6:37:28.000+0300;282
Добавление документа;[Выход из закалки поддона № 64300]; тип [Приход из производст->Выход ГП из закалки]; файл dc000039;; koddoc = 5937739;2012-07-02T6:39:02.000+0300;282
Добавление документа;[Выход из закалки поддона № 64301]; тип [Приход из производст->Выход ГП из закалки]; файл dc000039;; koddoc = 5937740;2012-07-02T6:39:04.000+0300;282
Добавление документа;[Выход из закалки поддона № 64302]; тип [Приход из производст->Выход ГП из закалки]; файл dc000039;; koddoc = 5937741;2012-07-02T6:39:06.000+0300;282
Добавление документа;[Выход из закалки поддона № 64303]; тип [Приход из производст->Выход ГП из закалки]; файл dc000039;; koddoc = 5937742;2012-07-02T6:39:09.000+0300;282
Добавление документа;[Выход из закалки поддона № 64304]; тип [Приход из производст->Выход ГП из закалки]; файл dc000039;; koddoc = 5937743;2012-07-02T6:39:11.000+0300;282
Добавление документа;[Выход из закалки поддона № 64305]; тип [Приход из производст->Выход ГП из закалки]; файл dc000039;; koddoc = 5937744;2012-07-02T6:39:13.000+0300;282
Добавление документа;[Выход из закалки поддона № 64306]; тип [Приход из производст->Выход ГП из закалки]; файл dc000039;; koddoc = 5937745;2012-07-02T6:39:16.000+0300;282
Добавление документа;[Выход из закалки поддона № 64307]; тип [Приход из производст->Выход ГП из закалки]; файл dc000039;; koddoc = 5937746;2012-07-02T6:39:18.000+0300;282
Добавление документа;[Выход из закалки поддона № 64308]; тип [Приход из производст->Выход ГП из закалки]; файл dc000039;; koddoc = 5937747;2012-07-02T6:39:21.000+0300;282
Добавление документа;[Выход из закалки поддона № 64309]; тип [Приход из производст->Выход ГП из закалки]; файл dc000039;; koddoc = 5937748;2012-07-02T6:39:23.000+0300;282
Добавление документа;[Выход из закалки поддона № 64310]; тип [Приход из производст->Выход ГП из закалки]; файл dc000039;; koddoc = 5937749;2012-07-02T6:39:25.000+0300;282
Добавление документа;[Выход из закалки поддона № 64311]; тип [Приход из производст->Выход ГП из закалки]; файл dc000039;; koddoc = 5937750;2012-07-02T6:39:28.000+0300;282
Добавление документа;[Выход из закалки поддона № 64312]; тип [Приход из производст->Выход ГП из закалки]; файл dc000039;; koddoc = 5937751;2012-07-02T6:39:30.000+0300;282
Добавление документа;[Выход из закалки поддона № 64313]; тип [Приход из производст->Выход ГП из закалки]; файл dc000039;; koddoc = 5937752;2012-07-02T6:39:32.000+0300;282
Добавление документа;[Выход из закалки поддона № 64314]; тип [Приход из производст->Выход ГП из закалки]; файл dc000039;; koddoc = 5937753;2012-07-02T6:39:35.000+0300;282
Добавление документа;[Выход из закалки поддона № 64315]; тип [Приход из производст->Выход ГП из закалки]; файл dc000039;; koddoc = 5937754;2012-07-02T6:39:37.000+0300;282
Добавление документа;[Выход из закалки поддона № 64316]; тип [Приход из производст->Выход ГП из закалки]; файл dc000039;; koddoc = 5937755;2012-07-02T6:39:39.000+0300;282
Добавление документа;[Выход из закалки поддона № 64317]; тип [Приход из производст->Выход ГП из закалки]; файл dc000039;; koddoc = 5937756;2012-07-02T6:39:42.000+0300;282
Добавление документа;[Выход из закалки поддона № 64318]; тип [Приход из производст->Выход ГП из закалки]; файл dc000039;; koddoc = 5937757;2012-07-02T6:39:44.000+0300;282
Добавление документа;[Выход из закалки поддона № 64319]; тип [Приход из производст->Выход ГП из закалки]; файл dc000039;; koddoc = 5937758;2012-07-02T6:39:47.000+0300;282
Добавление документа;[Выход из закалки поддона № 64320]; тип [Приход из производст->Выход ГП из закалки]; файл dc000039;; koddoc = 5937759;2012-07-02T6:39:49.000+0300;282
Добавление документа;[Выход из закалки поддона № 64321]; тип [Приход из производст->Выход ГП из закалки]; файл dc000039;; koddoc = 5937760;2012-07-02T6:39:51.000+0300;282
Добавление документа;[Выход из закалки поддона № 64322]; тип [Приход из производст->Выход ГП из закалки]; файл dc000039;; koddoc = 5937761;2012-07-02T6:39:54.000+0300;282
Добавление документа;[Выход из закалки поддона № 64323]; тип [Приход из производст->Выход ГП из закалки]; файл dc000039;; koddoc = 5937762;2012-07-02T6:39:56.000+0300;282
Добавление документа;[Выход из закалки поддона № 64299]; тип [Приход из производст->Выход ГП из закалки]; файл dc000039;; koddoc = 5937738;2012-07-02T6:40:00.000+0300;282
Добавление документа;[Выход из закалки поддона № 64325]; тип [Приход из производст->Выход ГП из закалки]; файл dc000039;; koddoc = 5937764;2012-07-02T6:46:56.000+0300;282
Добавление документа;[Выход из закалки поддона № 64326]; тип [Приход из производст->Выход ГП из закалки]; файл dc000039;; koddoc = 5937765;2012-07-02T6:46:58.000+0300;282
Добавление документа;[Выход из закалки поддона № 64324]; тип [Приход из производст->Выход ГП из закалки]; файл dc000039;; koddoc = 5937763;2012-07-02T6:47:02.000+0300;282
Добавление документа;[Рабочая рецептура № 535]; тип [Производство полуфаб->Рабочая рецептура на смесь]; файл dc000052;; koddoc = 5937766;2012-07-02T6:47:50.000+0300;276
Добавление документа;[Фасовка ГП от 02.07.2012]; тип [Фасовка ГП ->Фасовка ГП]; файл dc000038;; koddoc = 5937767;2012-07-02T6:49:29.000+0300;17
Добавление документа;[Передача в производство]; тип [Лимитки ->Списание на производство (фасовочное отделение)]; файл dc000045;; koddoc = 5937769;2012-07-02T6:57:32.000+0300;17
Добавление документа;[Выход из закалки поддона № 64328]; тип [Приход из производст->Выход ГП из закалки]; файл dc000039;; koddoc = 5937775;2012-07-02T7:24:58.000+0300;282
Добавление документа;[Выход из закалки поддона № 64329]; тип [Приход из производст->Выход ГП из закалки]; файл dc000039;; koddoc = 5937776;2012-07-02T7:25:00.000+0300;282
Добавление документа;[Выход из закалки поддона № 64330]; тип [Приход из производст->Выход ГП из закалки]; файл dc000039;; koddoc = 5937777;2012-07-02T7:25:02.000+0300;282
Добавление документа;[Выход из закалки поддона № 64331]; тип [Приход из производст->Выход ГП из закалки]; файл dc000039;; koddoc = 5937778;2012-07-02T7:25:05.000+0300;282
Добавление документа;[Выход из закалки поддона № 64332]; тип [Приход из производст->Выход ГП из закалки]; файл dc000039;; koddoc = 5937779;2012-07-02T7:25:07.000+0300;282
Добавление документа;[Выход из закалки поддона № 64333]; тип [Приход из производст->Выход ГП из закалки]; файл dc000039;; koddoc = 5937780;2012-07-02T7:25:10.000+0300;282
Добавление документа;[Выход из закалки поддона № 64334]; тип [Приход из производст->Выход ГП из закалки]; файл dc000039;; koddoc = 5937781;2012-07-02T7:25:12.000+0300;282
Добавление документа;[Выход из закалки поддона № 64335]; тип [Приход из производст->Выход ГП из закалки]; файл dc000039;; koddoc = 5937782;2012-07-02T7:25:14.000+0300;282
Добавление документа;[Выход из закалки поддона № 64336]; тип [Приход из производст->Выход ГП из закалки]; файл dc000039;; koddoc = 5937783;2012-07-02T7:25:17.000+0300;282
Добавление документа;[Выход из закалки поддона № 64337]; тип [Приход из производст->Выход ГП из закалки]; файл dc000039;; koddoc = 5937784;2012-07-02T7:25:19.000+0300;282
Добавление документа;[Раскладка брака по компонентам]; тип [Производство полуфаб->Разборка брака ГП]; файл dc000052;; koddoc = 5937785;2012-07-02T7:25:22.000+0300;276
Добавление документа;[Выход из закалки поддона № 64338]; тип [Приход из производст->Выход ГП из закалки]; файл dc000039;; koddoc = 5937786;2012-07-02T7:25:22.000+0300;282
Добавление документа;[Выход из закалки поддона № 64339]; тип [Приход из производст->Выход ГП из закалки]; файл dc000039;; koddoc = 5937787;2012-07-02T7:25:24.000+0300;282
Добавление документа;[Выход из закалки поддона № 64340]; тип [Приход из производст->Выход ГП из закалки]; файл dc000039;; koddoc = 5937788;2012-07-02T7:25:27.000+0300;282
Добавление документа;[Выход из закалки поддона № 64341]; тип [Приход из производст->Выход ГП из закалки]; файл dc000039;; koddoc = 5937789;2012-07-02T7:25:29.000+0300;282
Добавление документа;[Выход из закалки поддона № 64342]; тип [Приход из производст->Выход ГП из закалки]; файл dc000039;; koddoc = 5937790;2012-07-02T7:25:31.000+0300;282
Добавление документа;[Выход из закалки поддона № 64343]; тип [Приход из производст->Выход ГП из закалки]; файл dc000039;; koddoc = 5937791;2012-07-02T7:25:34.000+0300;282
Добавление документа;[Выход из закалки поддона № 64344]; тип [Приход из производст->Выход ГП из закалки]; файл dc000039;; koddoc = 5937792;2012-07-02T7:25:36.000+0300;282
Добавление документа;[Выход из закалки поддона № 64345]; тип [Приход из производст->Выход ГП из закалки]; файл dc000039;; koddoc = 5937793;2012-07-02T7:25:39.000+0300;282
Добавление документа;[Выход из закалки поддона № 64346]; тип [Приход из производст->Выход ГП из закалки]; файл dc000039;; koddoc = 5937794;2012-07-02T7:25:41.000+0300;282
Добавление документа;[Выход из закалки поддона № 64347]; тип [Приход из производст->Выход ГП из закалки]; файл dc000039;; koddoc = 5937795;2012-07-02T7:25:43.000+0300;282
Добавление документа;[Выход из закалки поддона № 64348]; тип [Приход из производст->Выход ГП из закалки]; файл dc000039;; koddoc = 5937796;2012-07-02T7:25:46.000+0300;282
Добавление документа;[Выход из закалки поддона № 64349]; тип [Приход из производст->Выход ГП из закалки]; файл dc000039;; koddoc = 5937797;2012-07-02T7:25:48.000+0300;282
Добавление документа;[Выход из закалки поддона № 64350]; тип [Приход из производст->Выход ГП из закалки]; файл dc000039;; koddoc = 5937798;2012-07-02T7:25:50.000+0300;282
Добавление документа;[Выход из закалки поддона № 64351]; тип [Приход из производст->Выход ГП из закалки]; файл dc000039;; koddoc = 5937799;2012-07-02T7:25:53.000+0300;282
Добавление документа;[Выход из закалки поддона № 64352]; тип [Приход из производст->Выход ГП из закалки]; файл dc000039;; koddoc = 5937800;2012-07-02T7:25:55.000+0300;282
Добавление документа;[Выход из закалки поддона № 64353]; тип [Приход из производст->Выход ГП из закалки]; файл dc000039;; koddoc = 5937801;2012-07-02T7:25:58.000+0300;282
Добавление документа;[Выход из закалки поддона № 64327]; тип [Приход из производст->Выход ГП из закалки]; файл dc000039;; koddoc = 5937774;2012-07-02T7:26:01.000+0300;282
Добавление документа;[Рабочая рецептура № 535]; тип [Производство полуфаб->Рабочая рецептура на смесь]; файл dc000052;; koddoc = 5937802;2012-07-02T7:27:41.000+0300;276
Добавление документа;[Передача в производство]; тип [Лимитки ->Списание на производство (вафельное отделение)]; файл dc000045;; koddoc = 5937818;2012-07-02T7:55:18.000+0300;285
Добавление документа;[Рабочая рецептура № 536]; тип [Производство полуфаб->Рабочая рецептура на смесь]; файл dc000052;; koddoc = 5937928;2012-07-02T8:38:58.000+0300;276
Добавление документа;[Рабочая рецептура № 537]; тип [Производство полуфаб->Рабочая рецептура на смесь]; файл dc000052;; koddoc = 5937930;2012-07-02T8:39:30.000+0300;276
Добавление документа;[Рабочая рецептура № 538]; тип [Производство полуфаб->Рабочая рецептура на смесь]; файл dc000052;; koddoc = 5937933;2012-07-02T8:39:52.000+0300;276
Добавление документа;[Рабочая рецептура № 539]; тип [Производство полуфаб->Рабочая рецептура на смесь]; файл dc000052;; koddoc = 5937934;2012-07-02T8:40:12.000+0300;276
Добавление документа;[Рабочая рецептура № 540]; тип [Производство полуфаб->Рабочая рецептура на смесь]; файл dc000052;; koddoc = 5937935;2012-07-02T8:40:38.000+0300;276
Добавление документа;[Рабочая рецептура № 541]; тип [Производство полуфаб->Рабочая рецептура на смесь]; файл dc000052;; koddoc = 5937937;2012-07-02T8:41:10.000+0300;276
Добавление документа;[Рабочая рецептура № 542]; тип [Производство полуфаб->Рабочая рецептура на смесь]; файл dc000052;; koddoc = 5937939;2012-07-02T8:42:24.000+0300;276
Добавление документа;[Приход сырья No 426 от 02.07.2012]; тип [Приход на склад ->Приход сырья (лаборатория)]; файл dc000002;; koddoc = 5938596;2012-07-02T9:32:29.000+0300;284
Добавление содержимого док-та;[Приход сырья No 426 от 02.07.2012]; тип [Приход на склад ->Приход сырья (лаборатория)]; файл sd000002; uniquesod = 24650 [Г-ящик № 8];;2012-07-02T9:32:59.000+0300;284
Добавление документа;[Передача в производство]; тип [Лимитки ->Списание на производство (заготовительное отделение)]; файл dc000045;; koddoc = 5938607;2012-07-02T9:35:10.000+0300;276
Добавление документа;[Приходные НН No 41 Экспловелд ДП НТЦ]; тип [Приходные налоговые ->Налоговый кредит (приходные НН)]; файл dc000009;; koddoc = 5938610;2012-07-02T9:35:29.000+0300;279
Добавление документа;[Передача в производство]; тип [Лимитки ->Списание на производство (фасовочное отделение)]; файл dc000045;; koddoc = 5938623;2012-07-02T9:38:36.000+0300;1191
Добавление документа;[Передача в производство]; тип [Лимитки ->Списание на производство (фасовочное отделение)]; файл dc000045;; koddoc = 5938624;2012-07-02T9:39:23.000+0300;1191
Добавление документа;[Передача в производство]; тип [Лимитки ->Списание на производство (склад сырья)]; файл dc000045;; koddoc = 5938684;2012-07-02T9:52:12.000+0300;296
Добавление документа;[Передача в производство]; тип [Лимитки ->Списание на производство (склад сырья)]; файл dc000045;; koddoc = 5938685;2012-07-02T9:52:28.000+0300;296
Добавление документа;[Передача в производство]; тип [Лимитки ->Списание на производство (склад сырья)]; файл dc000045;; koddoc = 5938697;2012-07-02T9:53:35.000+0300;296
Добавление документа;[Передача в производство]; тип [Лимитки ->Списание на производство (склад сырья)]; файл dc000045;; koddoc = 5938753;2012-07-02T9:56:43.000+0300;296
Добавление документа;[Передача в производство]; тип [Лимитки ->Списание на производство (склад сырья)]; файл dc000045;; koddoc = 5938754;2012-07-02T9:56:58.000+0300;296
Добавление документа;[Передача в производство]; тип [Лимитки ->Списание на производство (склад сырья)]; файл dc000045;; koddoc = 5938756;2012-07-02T9:57:08.000+0300;296
Добавление документа;[Передача в производство]; тип [Лимитки ->Списание на производство (склад сырья)]; файл dc000045;; koddoc = 5938757;2012-07-02T9:57:15.000+0300;296
Добавление документа;[Передача в производство]; тип [Лимитки ->Списание на производство (склад сырья)]; файл dc000045;; koddoc = 5938758;2012-07-02T9:57:30.000+0300;296
Добавление документа;[Передача в производство]; тип [Лимитки ->Списание на производство (склад сырья)]; файл dc000045;; koddoc = 5938760;2012-07-02T9:57:38.000+0300;296
Добавление документа;[Передача в производство]; тип [Лимитки ->Списание на производство (склад сырья)]; файл dc000045;; koddoc = 5938789;2012-07-02T9:59:18.000+0300;296
Добавление документа;[Передача в производство]; тип [Лимитки ->Списание на производство (склад сырья)]; файл dc000045;; koddoc = 5938810;2012-07-02T10:00:40.000+0300;296
Добавление документа;[Приход сырья No 427 от 02.07.2012]; тип [Приход на склад ->Приход сырья (лаборатория)]; файл dc000002;; koddoc = 5938906;2012-07-02T10:04:58.000+0300;284
Добавление документа;[Передача в производство]; тип [Лимитки ->Списание на производство (склад сырья)]; файл dc000045;; koddoc = 5938940;2012-07-02T10:05:58.000+0300;296
Добавление содержимого док-та;[Приход сырья No 427 от 02.07.2012]; тип [Приход на склад ->Приход сырья (лаборатория)]; файл sd000002; uniquesod = 24693 [Стабилизатор АЙС-5];7/2/2012 0:00;1900-01-00.000+0300;284
Добавление документа;[Передача в производство]; тип [Лимитки ->Списание на производство (вафельное отделение)]; файл dc000045;; koddoc = 5939102;2012-07-02T10:21:21.000+0300;285
Добавление документа;[Передача в производство]; тип [Лимитки ->Списание на производство (фасовочное отделение)]; файл dc000045;; koddoc = 5939144;2012-07-02T10:27:35.000+0300;1191
Добавление документа;[Передача в производство]; тип [Лимитки ->Списание на производство (склад сырья)]; файл dc000045;; koddoc = 5939170;2012-07-02T10:35:29.000+0300;296
Добавление документа;[Передача в производство]; тип [Лимитки ->Списание на производство (склад сырья)]; файл dc000045;; koddoc = 5939172;2012-07-02T10:35:49.000+0300;296
Добавление документа;[Передача в производство]; тип [Лимитки ->Списание на производство (склад сырья)]; файл dc000045;; koddoc = 5939178;2012-07-02T10:38:13.000+0300;296
Добавление документа;[Передача в производство]; тип [Лимитки ->Списание на производство (склад сырья)]; файл dc000045;; koddoc = 5939180;2012-07-02T10:38:27.000+0300;296
Добавление документа;[Передача в производство]; тип [Лимитки ->Списание на производство (склад сырья)]; файл dc000045;; koddoc = 5939201;2012-07-02T10:41:09.000+0300;296
Добавление документа;[Передача в производство]; тип [Лимитки ->Списание на производство (склад сырья)]; файл dc000045;; koddoc = 5939205;2012-07-02T10:41:23.000+0300;296
Добавление документа;[Передача в производство]; тип [Лимитки ->Списание на производство (склад сырья)]; файл dc000045;; koddoc = 5939206;2012-07-02T10:41:57.000+0300;296
Добавление документа;[Передача в производство]; тип [Лимитки ->Списание на производство (склад сырья)]; файл dc000045;; koddoc = 5939209;2012-07-02T10:42:35.000+0300;296
Добавление документа;[Передача в производство]; тип [Лимитки ->Списание на производство (склад сырья)]; файл dc000045;; koddoc = 5939251;2012-07-02T10:59:53.000+0300;296
Добавление документа;[корректировка с/с смесей]; тип [Бухгалтерские справк->Бухгалтерские справки (проcмотр проводок)]; файл dc000095;; koddoc = 5939258;2012-07-02T11:00:07.000+0300;297
Добавление документа;[Передача в производство]; тип [Лимитки ->Списание на производство (фасовочное отделение)]; файл dc000045;; koddoc = 5940010;2012-07-02T11:18:47.000+0300;1191
Добавление документа;[Передача в производство]; тип [Лимитки ->Списание на производство (фасовочное отделение)]; файл dc000045;; koddoc = 5940012;2012-07-02T11:19:47.000+0300;1191
Добавление документа;[Передача в производство]; тип [Лимитки ->Списание на производство (фасовочное отделение)]; файл dc000045;; koddoc = 5940018;2012-07-02T11:20:35.000+0300;1191
Добавление документа;[Передача в производство]; тип [Лимитки ->Списание на производство (фасовочное отделение)]; файл dc000045;; koddoc = 5940178;2012-07-02T11:34:46.000+0300;1191
Добавление документа;[Приход сырья No 428 от 02.07.2012]; тип [Приход на склад ->Приход сырья (лаборатория)]; файл dc000002;; koddoc = 5940190;2012-07-02T11:36:13.000+0300;284
Добавление содержимого док-та;[Приход сырья No 428 от 02.07.2012]; тип [Приход на склад ->Приход сырья (лаборатория)]; файл sd000002; uniquesod = 24703 [01 Накл Пломбир 19% палочка 75 г];;2012-07-02T11:38:51.000+0300;284
Добавление содержимого док-та;[Приход сырья No 428 от 02.07.2012]; тип [Приход на склад ->Приход сырья (лаборатория)]; файл sd000002; uniquesod = 24704 [02 Накл Пломбир 12% б\н в/ст 70 г];;2012-07-02T11:40:34.000+0300;284
Добавление содержимого док-та;[Приход сырья No 428 от 02.07.2012]; тип [Приход на склад ->Приход сырья (лаборатория)]; файл sd000002; uniquesod = 24705 [01 Накл Каштан в глазури;75г];2012-07-02T11:41:24.000+0300;284
Добавление содержимого док-та;[Приход сырья No 428 от 02.07.2012]; тип [Приход на склад ->Приход сырья (лаборатория)]; файл sd000002; uniquesod = 24706 [04 Накл Виват шок.сгущ мол рожок 70г];7/2/2012 0:00;1900-01-00.000+0300;284
Добавление содержимого док-та;[Приход сырья No 428 от 02.07.2012]; тип [Приход на склад ->Приход сырья (лаборатория)]; файл sd000002; uniquesod = 24707 [02 Накл Мороженое шок ваф/ст];;2012-07-02T11:43:20.000+0300;284
Добавление содержимого док-та;[Приход сырья No 428 от 02.07.2012]; тип [Приход на склад ->Приход сырья (лаборатория)]; файл sd000002; uniquesod = 24708 [02 Накл Пломбир 12% шок ваф/ст 70 г];;2012-07-02T11:44:05.000+0300;284
Добавление содержимого док-та;[Приход сырья No 428 от 02.07.2012]; тип [Приход на склад ->Приход сырья (лаборатория)]; файл sd000002; uniquesod = 24709 [25 Накл Пломбир 19карт.стак. 350 г];;2012-07-02T11:50:10.000+0300;284
Добавление содержимого док-та;[Приход сырья No 428 от 02.07.2012]; тип [Приход на склад ->Приход сырья (лаборатория)]; файл sd000002; uniquesod = 24710 [02 Накл Пломбир 12% в/ст ТМ Полярна казка; 65г];.000+0300;7/2/2012 0:00
Добавление документа;[Рабочая рецептура № 539]; тип [Производство полуфаб->Рабочая рецептура на смесь]; файл dc000052;; koddoc = 5940450;2012-07-02T11:59:49.000+0300;276
Добавление документа;[Рабочая рецептура № 540]; тип [Производство полуфаб->Рабочая рецептура на смесь]; файл dc000052;; koddoc = 5940478;2012-07-02T12:01:45.000+0300;276
Добавление содержимого док-та;[Приход сырья No 428 от 02.07.2012]; тип [Приход на склад ->Приход сырья (лаборатория)]; файл sd000002; uniquesod = 24711 [24 Накл Улюблене с нап.клубн.карт.ст.0.5кг];;2012-07-02T12:01:49.000+0300;284
Добавление содержимого док-та;[Приход сырья No 428 от 02.07.2012]; тип [Приход на склад ->Приход сырья (лаборатория)]; файл sd000002; uniquesod = 24712 [02 Накл Пломбир шок 12% в/ст ТМ Полярна казка; 6];.000+0300;7/2/2012 0:00
Добавление документа;[Рабочая рецептура № 541]; тип [Производство полуфаб->Рабочая рецептура на смесь]; файл dc000052;; koddoc = 5940495;2012-07-02T12:04:18.000+0300;276
Добавление документа;[Рабочая рецептура № 542]; тип [Производство полуфаб->Рабочая рецептура на смесь]; файл dc000052;; koddoc = 5940499;2012-07-02T12:05:02.000+0300;276
Добавление документа;[Передача в производство]; тип [Лимитки ->Списание на производство (склад сырья)]; файл dc000045;; koddoc = 5940508;2012-07-02T12:05:56.000+0300;296
Добавление документа;[Передача в производство]; тип [Лимитки ->Списание на производство (склад сырья)]; файл dc000045;; koddoc = 5940530;2012-07-02T12:06:59.000+0300;296
Добавление документа;[Передача в производство]; тип [Лимитки ->Списание на производство (склад сырья)]; файл dc000045;; koddoc = 5940535;2012-07-02T12:07:56.000+0300;296
Добавление содержимого док-та;[Приход сырья No 428 от 02.07.2012]; тип [Приход на склад ->Приход сырья (лаборатория)]; файл sd000002; uniquesod = 24718 [04 Накл Виват кар рожок 70 г];;2012-07-02T12:08:24.000+0300;284
Добавление содержимого док-та;[Приход сырья No 428 от 02.07.2012]; тип [Приход на склад ->Приход сырья (лаборатория)]; файл sd000002; uniquesod = 24725 [24 Накл Улюблене кр-бр с нап.карам. карт.ст.0.5к];;2012-07-02T12:13:16.000+0300;284
Добавление документа;[Приход сырья No 429 от 02.07.2012]; тип [Приход на склад ->Приход сырья (лаборатория)]; файл dc000002;; koddoc = 5940667;2012-07-02T12:23:27.000+0300;284
бавление содержимого док-та;[Приход сырья No 429 от 02.07.2012]; тип [Приход на склад ->Приход сырья (лаборатория)]; файл sd000002; uniquesod = 24730 [Г-ящик № 130];;2012-07-02T12:23:54.000+0300;284
Добавление документа;[Передача в производство]; тип [Лимитки ->Списание на производство (склад сырья)]; файл dc000045;; koddoc = 5940677;2012-07-02T12:26:39.000+0300;296
Добавление документа;[Передача в производство]; тип [Лимитки ->Списание на производство (склад сырья)]; файл dc000045;; koddoc = 5940679;2012-07-02T12:26:53.000+0300;296
Добавление документа;[Передача в производство]; тип [Лимитки ->Списание на производство (склад сырья)]; файл dc000045;; koddoc = 5940681;2012-07-02T12:27:08.000+0300;296
Добавление документа;[Передача в производство]; тип [Лимитки ->Списание на производство (склад сырья)]; файл dc000045;; koddoc = 5940683;2012-07-02T12:27:24.000+0300;296
Добавление документа;[Передача в производство]; тип [Лимитки ->Списание на производство (склад сырья)]; файл dc000045;; koddoc = 5940687;2012-07-02T12:27:38.000+0300;296
Добавление документа;[Передача в производство]; тип [Лимитки ->Списание на производство (склад сырья)]; файл dc000045;; koddoc = 5940693;2012-07-02T12:29:12.000+0300;296
Добавление документа;[Передача в производство]; тип [Лимитки ->Списание на производство (склад сырья)]; файл dc000045;; koddoc = 5940721;2012-07-02T12:30:13.000+0300;296
Добавление документа;[Передача в производство]; тип [Лимитки ->Списание на производство (склад сырья)]; файл dc000045;; koddoc = 5940742;2012-07-02T12:30:41.000+0300;296
Добавление документа;[Передача в производство]; тип [Лимитки ->Списание на производство (склад сырья)]; файл dc000045;; koddoc = 5940750;2012-07-02T12:31:08.000+0300;296
Добавление документа;[Рабочая рецептура № 155]; тип [Производство полуфаб->Рабочая рецептура на стаканчики]; файл dc000052;; koddoc = 5940777;2012-07-02T12:36:28.000+0300;285
Добавление документа;[Рабочая рецептура № 156]; тип [Производство полуфаб->Рабочая рецептура на стаканчики]; файл dc000052;; koddoc = 5940803;2012-07-02T12:39:18.000+0300;285
Добавление документа;[Списание по док-ту №  от 29.06.2012]; тип [Внутренние перемещен->Списание материалов и товаров ТД]; файл dc000003;; koddoc = 5940826;2012-07-02T12:43:54.000+0300;639
Добавление содержимого док-та;[Списание по док-ту №  от 29.06.2012]; тип [Внутренние перемещен->Списание материалов и товаров ТД]; файл sd000003; uniquesod = 17209 [Пропуск];;2012-07-02T12:44:28.000+0300;639
Добавление документа;[Передача в производство]; тип [Лимитки ->Списание на производство (фасовочное отделение)]; файл dc000045;; koddoc = 5940838;2012-07-02T12:47:32.000+0300;17
Добавление документа;[Передача в производство]; тип [Лимитки ->Списание на производство (фасовочное отделение)]; файл dc000045;; koddoc = 5940860;2012-07-02T12:48:12.000+0300;17
Добавление документа;[Передача в производство]; тип [Лимитки ->Списание на производство (заготовительное отделение)]; файл dc000045;; koddoc = 5941004;2012-07-02T12:59:06.000+0300;276
Добавление документа;[Рабочая рецептура № 413]; тип [Производство полуфаб->Рабочая рецептура на глазурь сиропы кремы]; файл dc000052;; koddoc = 5941007;2012-07-02T12:59:26.000+0300;276
Добавление документа;[Рабочая рецептура № 414]; тип [Производство полуфаб->Рабочая рецептура на глазурь сиропы кремы]; файл dc000052;; koddoc = 5941010;2012-07-02T12:59:34.000+0300;276
Добавление документа;[Рабочая рецептура № 415]; тип [Производство полуфаб->Рабочая рецептура на глазурь сиропы кремы]; файл dc000052;; koddoc = 5941012;2012-07-02T12:59:44.000+0300;276
Добавление документа;[Передача в производство]; тип [Лимитки ->Списание на производство (склад сырья)]; файл dc000045;; koddoc = 5941137;2012-07-02T13:08:17.000+0300;296
Добавление документа;[Передача в производство]; тип [Лимитки ->Списание на производство (фасовочное отделение)]; файл dc000045;; koddoc = 5941234;2012-07-02T13:23:20.000+0300;1191
Добавление документа;[Передача в производство]; тип [Лимитки ->Списание на производство (фасовочное отделение)]; файл dc000045;; koddoc = 5941236;2012-07-02T13:23:51.000+0300;1191
Добавление документа;[Передача в производство]; тип [Лимитки ->Списание на производство (склад сырья)]; файл dc000045;; koddoc = 5942063;2012-07-02T14:25:46.000+0300;296
Добавление документа;[Передача в производство]; тип [Лимитки ->Списание на производство (склад сырья)]; файл dc000045;; koddoc = 5942064;2012-07-02T14:25:54.000+0300;296
Добавление документа;[Передача в производство]; тип [Лимитки ->Списание на производство (склад сырья)]; файл dc000045;; koddoc = 5942067;2012-07-02T14:26:14.000+0300;296
Добавление документа;[Передача в производство]; тип [Лимитки ->Списание на производство (склад сырья)]; файл dc000045;; koddoc = 5942070;2012-07-02T14:26:28.000+0300;296
Добавление документа;[Передача в производство]; тип [Лимитки ->Списание на производство (склад сырья)]; файл dc000045;; koddoc = 5942072;2012-07-02T14:27:00.000+0300;296
Добавление содержимого док-та;[Приход сырья No 431 от 02.07.2012]; тип [Приход на склад ->Приход сырья (лаборатория)]; файл sd000002; uniquesod = 24734 [Г-ящик № 130];;2012-07-02T14:29:26.000+0300;284
Добавление документа;[Передача в производство]; тип [Лимитки ->Списание на производство (заготовительное отделение)]; файл dc000045;; koddoc = 5942151;2012-07-02T14:33:05.000+0300;276
Добавление документа;[Раскладка брака по компонентам]; тип [Производство полуфаб->Разборка брака ГП]; файл dc000052;; koddoc = 5942216;2012-07-02T14:40:01.000+0300;276
Добавление документа;[Списание материалов  от 31.05.2012]; тип [Внутренние перемещен->Расход со склада материалов №3]; файл dc000003;; koddoc = 5942227;2012-07-02T14:41:18.000+0300;297
Добавление документа;[Приход сырья No 432 от 02.07.2012]; тип [Приход на склад ->Приход сырья (лаборатория)]; файл dc000002;; koddoc = 5942311;2012-07-02T14:50:56.000+0300;284
Добавление документа;[Передача в производство]; тип [Лимитки ->Списание на производство (склад сырья)]; файл dc000045;; koddoc = 5942635;2012-07-02T15:09:54.000+0300;296
Добавление документа;[Акт No 11004 поставка питьевой воды]; тип [Авансовые отчеты и а->Акты выполненных работ (Получение услуг)]; файл dc000001;; koddoc = 5942770;2012-07-02T15:17:40.000+0300;297
Добавление документа;[Фасовка ГП от 02.07.2012]; тип [Фасовка ГП ->Фасовка ГП]; файл dc000038;; koddoc = 5942772;2012-07-02T15:17:55.000+0300;1191
Добавление документа;[Фасовка ГП от 02.07.2012]; тип [Фасовка ГП ->Фасовка ГП]; файл dc000038;; koddoc = 5942808;2012-07-02T15:20:39.000+0300;1191
Добавление содержимого док-та;[Приход сырья No 432 от 02.07.2012]; тип [Приход на склад ->Приход сырья (лаборатория)]; файл sd000002; uniquesod = 24735 [01 Уп Каштан в конд. гл.];;2012-07-02T15:21:56.000+0300;284
Добавление документа;[Фасовка ГП от 02.07.2012]; тип [Фасовка ГП ->Фасовка ГП]; файл dc000038;; koddoc = 5942854;2012-07-02T15:22:40.000+0300;1191
Добавление документа;[Приход сырья No 433 от 02.07.2012]; тип [Приход на склад ->Приход сырья (лаборатория)]; файл dc000002;; koddoc = 5942855;2012-07-02T15:22:51.000+0300;284
Добавление содержимого док-та;[Приход сырья No 433 от 02.07.2012]; тип [Приход на склад ->Приход сырья (лаборатория)]; файл sd000002; uniquesod = 24736 [Г-ящик №1];;2012-07-02T15:23:26.000+0300;284
Добавление документа;[Приход сырья No 434 от 02.07.2012]; тип [Приход на склад ->Приход сырья (лаборатория)]; файл dc000002;; koddoc = 5942867;2012-07-02T15:23:56.000+0300;284
Добавление документа;[Выход из закалки поддона № 64355]; тип [Приход из производст->Выход ГП из закалки]; файл dc000039;; koddoc = 5942882;2012-07-02T15:24:42.000+0300;282
Добавление документа;[Выход из закалки поддона № 64356]; тип [Приход из производст->Выход ГП из закалки]; файл dc000039;; koddoc = 5942883;2012-07-02T15:24:44.000+0300;282
Добавление документа;[Выход из закалки поддона № 64357]; тип [Приход из производст->Выход ГП из закалки]; файл dc000039;; koddoc = 5942884;2012-07-02T15:24:47.000+0300;282
Добавление содержимого док-та;[Приход сырья No 434 от 02.07.2012]; тип [Приход на склад ->Приход сырья (лаборатория)]; файл sd000002; uniquesod = 24737 [Г-ящик № 8];;2012-07-02T15:24:47.000+0300;284
Добавление документа;[Выход из закалки поддона № 64358]; тип [Приход из производст->Выход ГП из закалки]; файл dc000039;; koddoc = 5942886;2012-07-02T15:24:49.000+0300;282
Добавление документа;[Выход из закалки поддона № 64359]; тип [Приход из производст->Выход ГП из закалки]; файл dc000039;; koddoc = 5942887;2012-07-02T15:24:51.000+0300;282
Добавление документа;[Выход из закалки поддона № 64360]; тип [Приход из производст->Выход ГП из закалки]; файл dc000039;; koddoc = 5942888;2012-07-02T15:24:54.000+0300;282
Добавление документа;[Выход из закалки поддона № 64361]; тип [Приход из производст->Выход ГП из закалки]; файл dc000039;; koddoc = 5942889;2012-07-02T15:24:56.000+0300;282
Добавление документа;[Выход из закалки поддона № 64362]; тип [Приход из производст->Выход ГП из закалки]; файл dc000039;; koddoc = 5942890;2012-07-02T15:24:58.000+0300;282
Добавление документа;[Выход из закалки поддона № 64363]; тип [Приход из производст->Выход ГП из закалки]; файл dc000039;; koddoc = 5942893;2012-07-02T15:25:01.000+0300;282
Добавление документа;[Выход из закалки поддона № 64354]; тип [Приход из производст->Выход ГП из закалки]; файл dc000039;; koddoc = 5942881;2012-07-02T15:25:04.000+0300;282
Добавление документа;[Приход сырья No 435 от 02.07.2012]; тип [Приход на склад ->Приход сырья (лаборатория)]; файл dc000002;; koddoc = 5942898;2012-07-02T15:25:42.000+0300;284
Добавление документа;[Передача в производство]; тип [Лимитки ->Списание на производство (склад сырья)]; файл dc000045;; koddoc = 5942904;2012-07-02T15:26:08.000+0300;296
Добавление документа;[Передача в производство]; тип [Лимитки ->Списание на производство (склад сырья)]; файл dc000045;; koddoc = 5942913;2012-07-02T15:26:46.000+0300;296
Добавление содержимого док-та;[Приход сырья No 435 от 02.07.2012]; тип [Приход на склад ->Приход сырья (лаборатория)]; файл sd000002; uniquesod = 24738 [02 Уп Плодово-ягодное ваф.ст.];;2012-07-02T15:28:27.000+0300;284
Добавление документа;[Передача в производство]; тип [Лимитки ->Списание на производство (склад сырья)]; файл dc000045;; koddoc = 5942930;2012-07-02T15:28:27.000+0300;296
Добавление документа;[Передача в производство]; тип [Лимитки ->Списание на производство (склад сырья)]; файл dc000045;; koddoc = 5942937;2012-07-02T15:29:04.000+0300;296
Добавление содержимого док-та;[Приход сырья No 435 от 02.07.2012]; тип [Приход на склад ->Приход сырья (лаборатория)]; файл sd000002; uniquesod = 24739 [01 Уп Фруктик лед апельсиновый];7/2/2012 0:00;1900-01-00.000+0300;284
Добавление документа;[Выход из закалки поддона № 64364]; тип [Приход из производст->Выход ГП из закалки]; файл dc000039;; koddoc = 5943367;2012-07-02T15:53:40.000+0300;282
Добавление документа;[Выход из закалки поддона № 64366]; тип [Приход из производст->Выход ГП из закалки]; файл dc000039;; koddoc = 5943372;2012-07-02T15:53:58.000+0300;282
Добавление документа;[Выход из закалки поддона № 64367]; тип [Приход из производст->Выход ГП из закалки]; файл dc000039;; koddoc = 5943373;2012-07-02T15:54:00.000+0300;282
Добавление содержимого док-та;[Приход сырья No 435 от 02.07.2012]; тип [Приход на склад ->Приход сырья (лаборатория)]; файл sd000002; uniquesod = 24740 [01 Уп Каштан в конд. гл.];;2012-07-02T15:54:04.000+0300;284
Добавление документа;[Выход из закалки поддона № 64365]; тип [Приход из производст->Выход ГП из закалки]; файл dc000039;; koddoc = 5943371;2012-07-02T15:54:04.000+0300;282
Добавление документа;[Выход из закалки поддона № 64369]; тип [Приход из производст->Выход ГП из закалки]; файл dc000039;; koddoc = 5943401;2012-07-02T15:55:59.000+0300;282
Добавление документа;[Выход из закалки поддона № 64370]; тип [Приход из производст->Выход ГП из закалки]; файл dc000039;; koddoc = 5943402;2012-07-02T15:56:01.000+0300;282
Добавление документа;[Выход из закалки поддона № 64371]; тип [Приход из производст->Выход ГП из закалки]; файл dc000039;; koddoc = 5943404;2012-07-02T15:56:03.000+0300;282
Добавление документа;[Выход из закалки поддона № 64372]; тип [Приход из производст->Выход ГП из закалки]; файл dc000039;; koddoc = 5943406;2012-07-02T15:56:06.000+0300;282
Добавление содержимого док-та;[Приход сырья No 435 от 02.07.2012]; тип [Приход на склад ->Приход сырья (лаборатория)]; файл sd000002; uniquesod = 24741 [01 Уп Каштан шок ш/гл];;2012-07-02T15:56:06.000+0300;284
Добавление документа;[Выход из закалки поддона № 64373]; тип [Приход из производст->Выход ГП из закалки]; файл dc000039;; koddoc = 5943411;2012-07-02T15:56:08.000+0300;282
Добавление документа;[Выход из закалки поддона № 64374]; тип [Приход из производст->Выход ГП из закалки]; файл dc000039;; koddoc = 5943412;2012-07-02T15:56:10.000+0300;282
Добавление документа;[Выход из закалки поддона № 64375]; тип [Приход из производст->Выход ГП из закалки]; файл dc000039;; koddoc = 5943413;2012-07-02T15:56:12.000+0300;282
Добавление документа;[Выход из закалки поддона № 64376]; тип [Приход из производст->Выход ГП из закалки]; файл dc000039;; koddoc = 5943414;2012-07-02T15:56:15.000+0300;282
Добавление документа;[Выход из закалки поддона № 64377]; тип [Приход из производст->Выход ГП из закалки]; файл dc000039;; koddoc = 5943416;2012-07-02T15:56:17.000+0300;282
Добавление документа;[Выход из закалки поддона № 64368]; тип [Приход из производст->Выход ГП из закалки]; файл dc000039;; koddoc = 5943400;2012-07-02T15:56:20.000+0300;282
Добавление содержимого док-та;[Приход сырья No 435 от 02.07.2012]; тип [Приход на склад ->Приход сырья (лаборатория)]; файл sd000002; uniquesod = 24742 [01 Уп Плодово-ягодное на пал. 80 г];;2012-07-02T15:57:54.000+0300;284
Добавление документа;[Передача в производство]; тип [Лимитки ->Списание на производство (фасовочное отделение)]; файл dc000045;; koddoc = 5943436;2012-07-02T15:58:48.000+0300;1191
Добавление документа;[Выход из закалки поддона № 64379]; тип [Приход из производст->Выход ГП из закалки]; файл dc000039;; koddoc = 5943746;2012-07-02T16:16:32.000+0300;282
Добавление документа;[Выход из закалки поддона № 64380]; тип [Приход из производст->Выход ГП из закалки]; файл dc000039;; koddoc = 5943747;2012-07-02T16:16:34.000+0300;282
Добавление документа;[Выход из закалки поддона № 64381]; тип [Приход из производст->Выход ГП из закалки]; файл dc000039;; koddoc = 5943748;2012-07-02T16:16:36.000+0300;282
Добавление документа;[Выход из закалки поддона № 64378]; тип [Приход из производст->Выход ГП из закалки]; файл dc000039;; koddoc = 5943745;2012-07-02T16:16:40.000+0300;282
Добавление документа;[Передача в производство]; тип [Лимитки ->Списание на производство (фасовочное отделение)]; файл dc000045;; koddoc = 5943775;2012-07-02T16:20:04.000+0300;1191
Добавление документа;[Передача в производство]; тип [Лимитки ->Списание на производство (фасовочное отделение)]; файл dc000045;; koddoc = 5943783;2012-07-02T16:20:24.000+0300;1191
Добавление документа;[Приход сырья No 436 от 02.07.2012]; тип [Приход на склад ->Приход сырья (лаборатория)]; файл dc000002;; koddoc = 5943967;2012-07-02T16:33:18.000+0300;284
Добавление содержимого док-та;[Приход сырья No 436 от 02.07.2012]; тип [Приход на склад ->Приход сырья (лаборатория)]; файл sd000002; uniquesod = 24743 [Мор ТМ Хрещатик Бомба (фруктовый лед); 80г];2012-07-02T16:43:16.000+0300;284
Добавление содержимого док-та;[Приход сырья No 436 от 02.07.2012]; тип [Приход на склад ->Приход сырья (лаборатория)]; файл sd000002; uniquesod = 24744 [Мор ТМ Хрещатик Каркаде; 80г];2012-07-02T16:46:24.000+0300;284
Добавление документа;[Списание в переработку 19 от 02.07.2012]; тип [Внутренние перемещен->Списание ГП на переработку (склад ГП)]; файл dc000003;; koddoc = 5944336;2012-07-02T16:50:24.000+0300;295
Добавление документа;[Передача в производство]; тип [Лимитки ->Списание на производство (склад сырья)]; файл dc000045;; koddoc = 5944353;2012-07-02T16:51:19.000+0300;296
Добавление документа;[Передача в производство]; тип [Лимитки ->Списание на производство (склад сырья)]; файл dc000045;; koddoc = 5944356;2012-07-02T16:51:29.000+0300;296
Добавление содержимого док-та;[Списание в переработку 19 от 02.07.2012]; тип [Внутренние перемещен->Списание ГП на переработку (склад ГП)]; файл sd000003; uniquesod = 17218 [Каштан дніпр. в конд.гл.ТМЛасунка 75 г];;2012-07-02T16:51:51.000+0300;295
Добавление содержимого док-та;[Списание в переработку 19 от 02.07.2012]; тип [Внутренние перемещен->Списание ГП на переработку (склад ГП)]; файл sd000003; uniquesod = 17219 [Каштан дніпр. в конд.гл.ТМЛасунка 75 г];;2012-07-02T16:51:52.000+0300;295
Добавление содержимого док-та;[Списание в переработку 19 от 02.07.2012]; тип [Внутренние перемещен->Списание ГП на переработку (склад ГП)]; файл sd000003; uniquesod = 17220 [Каштан дніпр. в конд.гл.ТМЛасунка 75 г];;2012-07-02T16:51:52.000+0300;295
Добавление содержимого док-та;[Списание в переработку 19 от 02.07.2012]; тип [Внутренние перемещен->Списание ГП на переработку (склад ГП)]; файл sd000003; uniquesod = 17221 [Каштан дніпр. в конд.гл.ТМЛасунка 75 г];;2012-07-02T16:51:52.000+0300;295
Добавление содержимого док-та;[Списание в переработку 19 от 02.07.2012]; тип [Внутренние перемещен->Списание ГП на переработку (склад ГП)]; файл sd000003; uniquesod = 17222 [Каштан дніпр. в конд.гл.ТМЛасунка 75 г];;2012-07-02T16:51:52.000+0300;295
Добавление содержимого док-та;[Списание в переработку 19 от 02.07.2012]; тип [Внутренние перемещен->Списание ГП на переработку (склад ГП)]; файл sd000003; uniquesod = 17223 [Каштан дніпр. в конд.гл.ТМЛасунка 75 г];;2012-07-02T16:51:53.000+0300;295
Добавление содержимого док-та;[Списание в переработку 19 от 02.07.2012]; тип [Внутренние перемещен->Списание ГП на переработку (склад ГП)]; файл sd000003; uniquesod = 17224 [Каштан дніпр. в конд.гл.ТМЛасунка 75 г];;2012-07-02T16:51:53.000+0300;295
Добавление содержимого док-та;[Списание в переработку 19 от 02.07.2012]; тип [Внутренние перемещен->Списание ГП на переработку (склад ГП)]; файл sd000003; uniquesod = 17225 [Каштан дніпр. в конд.гл.ТМЛасунка 75 г];;2012-07-02T16:51:53.000+0300;295
Добавление содержимого док-та;[Списание в переработку 19 от 02.07.2012]; тип [Внутренние перемещен->Списание ГП на переработку (склад ГП)]; файл sd000003; uniquesod = 17226 [Каштан дніпр. в конд.гл.ТМЛасунка 75 г];;2012-07-02T16:51:53.000+0300;295
Добавление содержимого док-та;[Списание в переработку 19 от 02.07.2012]; тип [Внутренние перемещен->Списание ГП на переработку (склад ГП)]; файл sd000003; uniquesod = 17227 [Каштан дніпр. в конд.гл.ТМЛасунка 75 г];;2012-07-02T16:51:54.000+0300;295
Добавление содержимого док-та;[Списание в переработку 19 от 02.07.2012]; тип [Внутренние перемещен->Списание ГП на переработку (склад ГП)]; файл sd000003; uniquesod = 17228 [Хрещатик пломбир шок. в конд.гл. 75 г];;2012-07-02T16:51:54.000+0300;295
Добавление содержимого док-та;[Списание в переработку 19 от 02.07.2012]; тип [Внутренние перемещен->Списание ГП на переработку (склад ГП)]; файл sd000003; uniquesod = 17229 [Хрещатик пломбир шок. в конд.гл. 75 г];;2012-07-02T16:51:54.000+0300;295
Добавление содержимого док-та;[Списание в переработку 19 от 02.07.2012]; тип [Внутренние перемещен->Списание ГП на переработку (склад ГП)]; файл sd000003; uniquesod = 17230 [Хрещатик пломбир шок. в конд.гл. 75 г];;2012-07-02T16:51:55.000+0300;295
Добавление содержимого док-та;[Списание в переработку 19 от 02.07.2012]; тип [Внутренние перемещен->Списание ГП на переработку (склад ГП)]; файл sd000003; uniquesod = 17231 [Хрещатик пломбир шок. в конд.гл. 75 г];;2012-07-02T16:51:55.000+0300;295
Добавление содержимого док-та;[Списание в переработку 19 от 02.07.2012]; тип [Внутренние перемещен->Списание ГП на переработку (склад ГП)]; файл sd000003; uniquesod = 17232 [Хрещатик пломбир шок. в конд.гл. 75 г];;2012-07-02T16:51:55.000+0300;295
Добавление документа;[Перемещение брака от 02.07.2012]; тип [Внутренние перемещен->Перемещение брака (склад ГП->ЗО)]; файл dc000003;; koddoc = 5944397;2012-07-02T16:52:30.000+0300;295
Добавление документа;[Перемещение брака от 02.07.2012]; тип [Внутренние перемещен->Перемещение брака (склад ГП->ЗО)]; файл dc000003;; koddoc = 5944412;2012-07-02T16:53:19.000+0300;295
Добавление документа;[Передача в производство]; тип [Лимитки ->Списание на производство (склад сырья)]; файл dc000045;; koddoc = 5944423;2012-07-02T16:54:17.000+0300;296
Добавление документа;[Передача в производство]; тип [Лимитки ->Списание на производство (склад сырья)]; файл dc000045;; koddoc = 5944517;2012-07-02T16:59:51.000+0300;296
Добавление документа;[Передача в производство]; тип [Лимитки ->Списание на производство (заготовительное отделение)]; файл dc000045;; koddoc = 5944980;2012-07-02T17:09:40.000+0300;276
Добавление документа;[Передача в производство]; тип [Лимитки ->Списание на производство (склад сырья)]; файл dc000045;; koddoc = 5946580;2012-07-02T17:55:02.000+0300;296
Добавление документа;[Передача в производство]; тип [Лимитки ->Списание на производство (склад сырья)]; файл dc000045;; koddoc = 5946616;2012-07-02T17:55:39.000+0300;296
Добавление документа;[Передача в производство]; тип [Лимитки ->Списание на производство (склад сырья)]; файл dc000045;; koddoc = 5946659;2012-07-02T17:56:37.000+0300;296
Добавление документа;[Передача в производство]; тип [Лимитки ->Списание на производство (склад сырья)]; файл dc000045;; koddoc = 5946664;2012-07-02T17:56:53.000+0300;296
Добавление документа;[Фасовка ГП от 02.07.2012]; тип [Фасовка ГП ->Фасовка ГП]; файл dc000038;; koddoc = 5946666;2012-07-02T17:57:01.000+0300;17
Добавление документа;[Передача в производство]; тип [Лимитки ->Списание на производство (склад сырья)]; файл dc000045;; koddoc = 5946668;2012-07-02T17:57:09.000+0300;296
Добавление документа;[Фасовка ГП от 02.07.2012]; тип [Фасовка ГП ->Фасовка ГП]; файл dc000038;; koddoc = 5946673;2012-07-02T17:58:06.000+0300;17
Добавление документа;[Фасовка ГП от 02.07.2012]; тип [Фасовка ГП ->Фасовка ГП]; файл dc000038;; koddoc = 5946716;2012-07-02T17:59:40.000+0300;17
Добавление документа;[Передача в производство]; тип [Лимитки ->Списание на производство (склад сырья)]; файл dc000045;; koddoc = 5946742;2012-07-02T18:00:42.000+0300;296
Добавление документа;[Передача в производство]; тип [Лимитки ->Списание на производство (склад сырья)]; файл dc000045;; koddoc = 5946761;2012-07-02T18:01:24.000+0300;296
Добавление документа;[Фасовка ГП от 02.07.2012]; тип [Фасовка ГП ->Фасовка ГП]; файл dc000038;; koddoc = 5946788;2012-07-02T18:04:01.000+0300;17
Добавление документа;[Фасовка ГП от 02.07.2012]; тип [Фасовка ГП ->Фасовка ГП]; файл dc000038;; koddoc = 5948063;2012-07-02T18:48:20.000+0300;1191
Добавление документа;[Фасовка ГП от 02.07.2012]; тип [Фасовка ГП ->Фасовка ГП]; файл dc000038;; koddoc = 5948724;2012-07-02T19:17:55.000+0300;17
Добавление документа;[Фасовка ГП от 02.07.2012]; тип [Фасовка ГП ->Фасовка ГП]; файл dc000038;; koddoc = 5948927;2012-07-02T19:35:16.000+0300;1191
Добавление документа;[Передача в производство]; тип [Лимитки ->Списание на производство (заготовительное отделение)]; файл dc000045;; koddoc = 5949091;2012-07-02T20:13:22.000+0300;276
Добавление документа;[Передача в производство]; тип [Лимитки ->Списание на производство (склад сырья)]; файл dc000045;; koddoc = 5949107;2012-07-02T20:20:08.000+0300;296
Добавление документа;[Передача в производство]; тип [Лимитки ->Списание на производство (фасовочное отделение)]; файл dc000045;; koddoc = 5951081;2012-07-02T22:48:18.000+0300;1191
Добавление документа;[Передача в производство]; тип [Лимитки ->Списание на производство (фасовочное отделение)]; файл dc000045;; koddoc = 5951082;2012-07-02T22:48:40.000+0300;1191
Добавление документа;[Фасовка ГП от 02.07.2012]; тип [Фасовка ГП ->Фасовка ГП]; файл dc000038;; koddoc = 5951330;2012-07-02T23:13:19.000+0300;17
